{
  "train_loss": [
    7502.08134321733,
    6290.822394353693,
    5417.144074041194,
    4679.382963423295,
    4028.3723743785513,
    3468.7671919389204,
    2990.694793146307,
    2584.005812766335,
    2234.355636319247,
    1939.3331687233665,
    1679.7174427379261,
    1464.131748268821,
    1283.7587546608665,
    1133.1611600008878,
    1006.6563687411222,
    896.7562466708097,
    813.7314663973722,
    743.4901722301137,
    682.325654740767,
    631.5180331143466
  ],
  "val_loss": [
    7181.614788186961,
    6178.066477808459,
    5351.442845837823,
    4630.980776030442,
    4004.2151089372305,
    3463.4323225350217,
    3001.406603582974,
    2607.8001140726024,
    2266.069441170528,
    1998.544256802263,
    1759.8700540476832,
    1553.0977551690464,
    1387.1156605687634,
    1256.995853818696,
    1146.1057134167902,
    1014.1135075010102,
    954.0998066869275,
    886.6153051442113,
    829.4172881553912,
    808.5290358970905
  ]
}