{
  "train_loss": [
    7502.081232244318,
    6290.770419034091,
    5415.942511541193,
    4673.520581054688,
    4028.200994318182,
    3468.308760209517,
    2991.4589599609376,
    2583.001806640625,
    2232.7625366210937,
    1934.7140269886363,
    1680.8499478426847,
    1462.8409423828125,
    1282.0095364657316,
    1131.7138627485795,
    1004.223456365412,
    899.8503495649858,
    810.8417824485085,
    738.4156039151278,
    682.4490306507457,
    634.410927512429
  ],
  "val_loss": [
    7181.614249393858,
    6177.817601697198,
    5347.893819874731,
    4634.049206963901,
    4005.405580717942,
    3463.6092381970634,
    3002.3421672952586,
    2604.9837835903827,
    2276.5930828226024,
    2011.3973767510777,
    1761.257816709321,
    1546.2034806876347,
    1380.3705412766028,
    1235.478812382139,
    1127.7899406696188,
    1008.7651388234106,
    942.8431496455752,
    881.6062545776367,
    835.4118804931641,
    809.611115817366
  ]
}