{
  "train_loss": [
    7494.477911931818,
    6268.992249644886,
    5386.582386363636,
    4636.675113192471,
    3999.952596768466,
    3447.855399946733,
    2975.429620916193,
    2570.7936257102274,
    2223.1373801491477,
    1927.6793623490767,
    1673.438340065696,
    1461.537051669034,
    1278.8839311079546,
    1129.8210820978338,
    1003.8401050914417,
    900.3804437810725,
    817.4295171564276,
    744.2139326615767,
    682.737578235973,
    631.4028070623225
  ],
  "val_loss": [
    7159.440438106142,
    6156.5015869140625,
    5317.888419315733,
    4595.3863314924565,
    3978.4252382475756,
    3442.032952670393,
    2995.5645267881196,
    2603.4527882543102,
    2281.9102320177803,
    1982.8850202889278,
    1753.9647300983297,
    1542.2562939874058,
    1377.3378316945043,
    1228.13037109375,
    1134.2077505177465,
    1028.849256318191,
    951.4226668785358,
    877.8829356226428,
    827.8158190497037,
    798.7219361930058
  ]
}