{
  "train_loss": [
    7442.875901100852,
    6180.073939098012,
    5309.345849609375,
    4601.196064897017,
    4010.9866432883523,
    3519.1055619673293,
    2974.6289595170456,
    2551.820426802202,
    2198.0795299183237,
    1894.7985995205966,
    1646.3045088334518,
    1436.555995871804,
    1253.1841952237216,
    1106.315291526101,
    985.3986633300781,
    881.8863614169034,
    797.494257701527,
    736.995781360973,
    687.2418440385298,
    648.5694851962003
  ],
  "val_loss": [
    7072.258511247306,
    6063.402865705819,
    5244.875782933728,
    4565.8714810075435,
    4003.7209262190195,
    3501.0327653556033,
    2968.521438072468,
    2569.4967335668102,
    2234.0895154229524,
    1955.7124086577317,
    1731.0232059873383,
    1508.7951155037715,
    1336.4873467807113,
    1204.475458605536,
    1088.73302275559,
    1039.2188010380187,
    982.154736222892,
    877.6939655172414,
    794.5086070093615,
    762.2179902175377
  ]
}