{
  "train_loss": [
    7482.697607421875,
    6247.167041015625,
    5379.421329012784,
    4659.822347745028,
    4064.460875355114,
    3578.5341153231534,
    3168.1255593039773,
    2650.8189208984377,
    2269.1421875,
    1957.6146317915484,
    1697.1387284712357,
    1471.9592107599433,
    1287.0925237482245,
    1132.3487920587713,
    1006.4236666592685,
    901.6771001642401,
    816.2296336780895,
    754.3664045854048,
    693.5164628462358,
    646.1134421608665
  ],
  "val_loss": [
    7143.083765490302,
    6131.4707620554955,
    5310.908666150323,
    4628.597614156789,
    4057.9449420797414,
    3590.751847891972,
    3140.1193237304688,
    2679.790121144262,
    2293.02850762729,
    2001.402693123653,
    1781.9912025188578,
    1576.5640763907597,
    1381.2544745083512,
    1242.2770406788793,
    1173.5725239720837,
    1042.47445889177,
    968.3297697922279,
    899.4816410459321,
    819.4464784819504,
    809.0595839927936
  ]
}