{
  "train_loss": [
    7569.849986683239,
    6287.479345703125,
    5415.38838334517,
    4696.5731645063925,
    4026.744520152699,
    3448.946337890625,
    2958.3349675958807,
    2542.382078968395,
    2179.031105735085,
    1869.6343572443182,
    1601.136385830966,
    1369.295029518821,
    1172.840311501243,
    1006.4601601340554,
    861.5645230379971,
    740.3875,
    637.0525326815518,
    550.4683518843217,
    480.47208723588426,
    414.33284440474074
  ],
  "val_loss": [
    7186.59529061153,
    6169.590289938039,
    5348.312028556034,
    4639.624553811961,
    3985.7362397292563,
    3429.856584220097,
    2952.4506141399515,
    2545.489948141164,
    2189.7894360772493,
    1886.3313493399785,
    1620.641203781654,
    1395.156704606681,
    1208.2293001372238,
    1034.5094215129984,
    898.8703818485654,
    796.0276999637998,
    690.4651168297077,
    605.4931893184267,
    542.9767413961476,
    469.9383526506095
  ]
}