{
  "train_loss": [
    7569.850022194602,
    6287.479407848012,
    5415.38838334517,
    4689.804192560369,
    4019.9954989346593,
    3447.352852006392,
    2935.9649869051846,
    2506.3258067737925,
    2138.5248668323866,
    1827.2299671519886,
    1560.551610218395,
    1330.1992315118964,
    1135.6144597833807,
    973.8200927734375,
    830.9364402077415,
    712.7732599431819,
    614.1467454390092,
    529.0662042791193,
    459.4621124267578,
    396.91717529296875
  ],
  "val_loss": [
    7186.595391635237,
    6169.590315193966,
    5348.312079067888,
    4639.121119005927,
    3983.983352134968,
    3427.8684629242994,
    2919.140723919046,
    2504.6780448124327,
    2147.7565665409484,
    1844.7516426875673,
    1578.5578097639413,
    1354.0885309679754,
    1171.5959898850012,
    1009.7749465416217,
    867.6532329690867,
    763.6239729256465,
    675.3422556910022,
    583.4129370327654,
    525.2430448860957,
    460.64617498989764
  ]
}