{
  "RNN": {
    "MAE": 16.579448699951172,
    "RMSE": 22.136306890799826
  },
  "LSTM": {
    "MAE": 13.238251686096191,
    "RMSE": 17.414925568843508
  },
  "TRANSFORMER": {
    "MAE": 12.141214370727539,
    "RMSE": 16.00435865161767
  },
  "OTRANSFORMER": {
    "MAE": 13.185433387756348,
    "RMSE": 17.532836624671486
  },
  "GNN": {
    "MAE": 18.590255737304688,
    "RMSE": 24.512471664233367
  },
  "LEARNABLE_GNN": {
    "MAE": 19.12868881225586,
    "RMSE": 25.28526457231934
  }
}