{
  "RNN": {
    "MAE": 16.579448699951172,
    "RMSE": 22.136306890799826
  },
  "LSTM": {
    "MAE": 13.238251686096191,
    "RMSE": 17.414925568843508
  },
  "TRANSFORMER": {
    "MAE": 12.141214370727539,
    "RMSE": 16.00435865161767
  },
  "GNN": {
    "MAE": 18.2528076171875,
    "RMSE": 24.059216243063048
  }
}