{
  "OTRANSFORMER": {
    "MAE": 12.867684364318848,
    "RMSE": 15.971373698966262
  }
}