{
  "train_loss": [
    6439.088933771307,
    3864.3235662286934,
    1772.5742814497514,
    735.2705008766868,
    397.4426447088068,
    287.8442557594993,
    254.941206221147,
    229.51820664839312,
    221.04351265647193,
    204.3077504938299,
    198.02083587646484,
    187.0253908330744,
    183.66246795654297,
    171.70693179043857,
    168.03569384488193,
    160.1796760559082,
    157.3784212285822,
    152.48619821721857,
    150.58165498213336,
    136.89366947520864
  ],
  "val_loss": [
    5415.836215315194,
    2812.9470509496227,
    1175.983259529903,
    538.7831873400457,
    358.5535630850956,
    336.27693491968614,
    297.2947074627054,
    303.26920476453057,
    298.5012655587032,
    304.82137140734443,
    309.1275246718834,
    333.26841183366446,
    313.41605903362404,
    330.8706676877778,
    333.93027088559904,
    332.4711694388554,
    360.402099609375,
    342.8305891628923,
    350.3888360385237,
    330.77073814129005
  ]
}