{
  "train_loss": [
    6551.873965731534,
    3955.305311168324,
    1812.970087779652,
    744.8055916526101,
    385.8040885231712,
    282.196576760032,
    254.82493563565342,
    227.8488200794567,
    213.7472446788441,
    204.98093684803356,
    198.13666243119673,
    191.18200433904474,
    184.49995408491654,
    181.29499636563386,
    179.10108580155807,
    171.6107944835316,
    173.59164955832742,
    164.30030912919477,
    158.10571816184304,
    153.44128986705434
  ],
  "val_loss": [
    5504.6096738618,
    2889.189907731681,
    1200.7655481798895,
    543.6086883544922,
    358.17696354306975,
    309.4163444782126,
    305.6922517973801,
    315.42902926740976,
    318.0111620672818,
    319.67333905450226,
    308.7329104193326,
    317.6071072282462,
    304.68370924324825,
    318.48709895693025,
    312.3963682240453,
    347.7494159566945,
    332.62363085253486,
    319.0981963585163,
    342.35185873097385,
    335.0842882353684
  ]
}