{
  "train_loss": [
    7491.776735617897,
    6368.505419921875,
    5503.659215198863,
    4781.980322265625,
    4174.365349786932,
    3674.2218683416195,
    3262.928326970881,
    2928.0209317294034,
    2662.8107577237215,
    2453.770684259588,
    2289.149813565341,
    2166.8073808149857,
    2076.65478515625,
    2009.2984608043323,
    1963.8454445578834,
    1758.7536654385653,
    1474.9670293634588,
    945.1023060191761,
    801.6494967373935,
    694.5830710671165
  ],
  "val_loss": [
    7244.553845635776,
    6262.523479593211,
    5440.453983701509,
    4746.52167379445,
    4167.582772090517,
    3686.905900626347,
    3290.624901080954,
    2969.59544004243,
    2710.062941978718,
    2504.1211737271014,
    2346.1739544046336,
    2224.1615495352908,
    2132.026615537446,
    2063.908135775862,
    2014.7299720501078,
    1501.3346536570582,
    1185.229668978987,
    998.6559416672279,
    884.3750247297615,
    789.7197907546471
  ]
}