{
  "train_loss": [
    7491.776717862216,
    6368.505402166194,
    5503.659193004261,
    4781.980331143466,
    4174.365420809659,
    3674.221857244318,
    3262.9283247514204,
    2928.020956143466,
    2662.810799893466,
    2453.7707175514915,
    2289.149813565341,
    2166.807421875,
    2076.654811789773,
    2009.298476340554,
    1963.8454567649148,
    1589.5476884321733,
    1060.545604913885,
    886.0686107288708,
    761.0349714799361,
    664.9068037553267
  ],
  "val_loss": [
    7244.553820379849,
    6262.523521686422,
    5440.454080515894,
    4746.521728515625,
    4167.582902579472,
    3686.9058879983836,
    3290.6249221275593,
    2969.5954421470906,
    2710.062992490571,
    2504.121198983028,
    2346.174004916487,
    2224.161579000539,
    2132.0265608162717,
    2063.9081862877156,
    2014.729946794181,
    1300.2788464776402,
    1104.0190887451172,
    947.8154891441608,
    843.3202219995959,
    766.0669271534887
  ]
}