{
  "train_loss": [
    6541.666912286932,
    3873.1631769353694,
    1720.951202947443,
    675.3116585471413,
    321.47863089821556,
    217.09597917036578,
    172.06297850175338,
    157.6083964954723,
    139.12640151977538,
    128.28066399314187,
    115.2741926019842,
    100.97662152377042,
    89.94932389692826,
    79.33706526322798,
    73.73902528936213,
    62.62031843012029,
    59.10965201637962,
    52.72905873385343,
    47.572516371987085,
    41.16534876389937
  ],
  "val_loss": [
    5515.020945581897,
    2771.9873699319774,
    1111.5693254141972,
    477.2826648580617,
    290.3017964856378,
    238.99091260186557,
    220.8683729500606,
    244.97447375593515,
    241.85211750556684,
    231.11106267468682,
    278.96326624113937,
    263.756658948701,
    236.40043908152086,
    243.53509324172447,
    256.0135480946508,
    302.7743735477842,
    268.5879758637527,
    290.55715712185565,
    302.61778272431474,
    293.55178852739004
  ]
}