{
  "train_loss": [
    6541.666930042614,
    3873.1611860795456,
    1720.9116244229403,
    675.2379819003019,
    320.74697973077946,
    215.95875771262428,
    172.93707046508788,
    157.28245454268023,
    136.78758718317206,
    126.29913482666015,
    115.61003105857155,
    101.54952392578124,
    87.38624607432972,
    78.8065791390159,
    71.9613263910467,
    60.6943715875799,
    58.73052541559393,
    53.53798708482222,
    49.070384459062055,
    39.70821496790106
  ],
  "val_loss": [
    5515.020975047144,
    2771.9966136011585,
    1110.6663134344692,
    478.56433736866916,
    293.5815713816676,
    233.51349745125606,
    221.8006248474121,
    233.95611664344526,
    234.05125558787378,
    218.5843747237633,
    267.69475065428634,
    246.80893200841444,
    250.00993478709253,
    254.89610540455786,
    262.33701433806584,
    319.79604758887456,
    277.2442688777529,
    304.3726593543743,
    262.5094565029802,
    304.30625904017484
  ]
}